<?xml version="1.0" encoding="UTF-8"?>
<beans xmlns="http://www.springframework.org/schema/beans"
	xmlns:xsi="http://www.w3.org/2001/XMLSchema-instance"
	xsi:schemaLocation="http://www.springframework.org/schema/beans
		http://www.springframework.org/schema/beans/spring-beans.xsd
		http://www.springframework.org/schema/context
		http://www.springframework.org/schema/context/spring-context.xsd
		http://www.springframework.org/schema/tx
		http://www.springframework.org/schema/tx/spring-tx.xsd"
	   xmlns:context="http://www.springframework.org/schema/context"
	xmlns:tx="http://www.springframework.org/schema/tx">
	
	
	<context:component-scan base-package="com.sbi.entity" />
	

	<!-- A  piston -->
	<bean id="myds" class="org.springframework.jdbc.datasource.DriverManagerDataSource">
		<property name="url" value="jdbc:oracle:thin:@localhost:1521:xe"/>
		<property name="username" value="system"/>
		<property name="password" value="sysgitc"/>
	</bean>
	
	<bean id="jdbcTemplate"
			class="org.springframework.jdbc.core.JdbcTemplate">
			<property name="dataSource" ref="myds"/>
	</bean>
	
	<!-- B  Engine -->
	<bean id="entityManagerFactory" 
	class="org.springframework.orm.jpa.LocalContainerEntityManagerFactoryBean">
		<property name="dataSource" ref="myds"></property>
		
		<property name="persistenceUnitName" value="SpringJPA"/>
	    <property name="packagesToScan" value="com.sbi.entity" />
	    <property name="jpaVendorAdapter">
	        <bean class="org.springframework.orm.jpa.vendor.HibernateJpaVendorAdapter" />
	    </property>
	    <property name="jpaProperties">
	        <props>
	            <!-- <prop key="hibernate.hbm2ddl.auto">update</prop> -->
	            <prop key="hibernate.show_sql">true</prop>
	            <prop key="hibernate.dialect">org.hibernate.dialect.Oracle12cDialect</prop>
	        </props> 
	    </property>
	</bean>
	
	<!-- C  Car -->
	<bean id="txManager" class="org.springframework.orm.jpa.JpaTransactionManager">
		<property name="entityManagerFactory" ref="entityManagerFactory"/>
	</bean>
	
	<tx:annotation-driven transaction-manager="txManager"/>
</beans>	